userid,history
san88@ia.com,CH:05 - Trigonometry
san88@ia.com,CH:08 - Western ghats
san88@ia.com,CH:07 - Polymers
san88@ia.com,CH:08 - Kinetics
san88@ia.com,CH:03 - Thermodynamics
san88@ia.com,CH:07 - States of India
dha46@ia.com,CH:01 - Number System
dha46@ia.com,CH:05 - Thermodynamics
san88@ia.com,CH:03 - Thermodynamics
san88@ia.com,CH:11 - ScrollingSlideZoom
san88@ia.com,CH:01 - Number System
san88@ia.com,CH:09 - Marvel
san88@ia.com,CH:03 - Thermodynamics
san88@ia.com,CH:03 - Thermodynamics
san88@ia.com,CH:06 - Alcohols
san88@ia.com,CH:01 - Number System
san88@ia.com,CH:05 - Cell biology
san88@ia.com,CH:03 - Parts of Body
san88@ia.com,CH:09 - Solar System
san88@ia.com,CH:03 - Parts of Body
san88@ia.com,CH:03 - Parts of Body
san88@ia.com,CH:03 - Parts of Body
san88@ia.com,CH:01 - Number System
